{"delta": [0.00012206555615733704, 3.860051813123757e-05, 1.2206555615733704e-05, 3.860051813123757e-06, 1.2206555615733702e-06, 3.8600518131237563e-07, 1.22065556157337e-07, 3.8600518131237566e-08, 1.2206555615733704e-08], "gamma": [0.0060970533139885486, 0.0034479816389845486, 0.0019449525582063976, 0.0010956086803343978, 0.0006166976957825421, 0.0003469811152472524, 0.00019518069852744735, 0.00010977677417711718, 6.173789707245025e-05], "slope": 0.49885766649127883, "const": 0.5485101328647998}