{"delta": [0.00012206555615733704, 3.860051813123757e-05, 1.2206555615733704e-05, 3.860051813123757e-06, 1.2206555615733702e-06, 3.8600518131237563e-07, 1.22065556157337e-07, 3.8600518131237566e-08, 1.2206555615733704e-08], "gamma": [0.0032466565557544014, 0.0015661936515525277, 0.000794781579048609, 0.00045443747121779024, 0.0003139775644980155, 0.0002629064447866486, 0.00024573310386198405, 0.00024017967650475112, 0.0002384104289249246], "slope": 0.27455377228416455, "const": 0.021221377910818223}