{
 "n_nodes": 45,
 "crunodes": 1,
 "acnodes": 4,
 "delta": 55,
 "eliminant_scale": true,
 "cofactor_squarefree": true,
 "cofactor_coprime_p11p": true,
 "worst_pair_gap": "3.37298329650993499368775398112797357154651136168121733251349516935002323125989512626296445014547161690857479848787516946e-118",
 "min_margin_ratio": "138035591949579247068230525228313476043772639639762068506233748675389021785947676471752642372227914399235321417073524.656",
 "acnodes_in_window": 0,
 "nodes": [
  [
   "(-1.08346320897524831366029957177 + 0.0j)",
   "(0.987846309967699396351117357912 + 0.0j)",
   "(-0.941619311682487812825162769598 + 0.0j)",
   "(-0.941970442111680743101342413907 + 0.0j)",
   "CRUNODE"
  ],
  [
   "(-1.09800745663955011234269768054 - 0.016231289789301776054851797054j)",
   "(0.618833914861298184590261526236 + 0.962666199551116706704958141066j)",
   "(-0.422059020362443685155460763596 + 0.691794286188864109907912929717j)",
   "(-1.50275484530375387880223044727 - 0.758969848740295130363076377539j)",
   "complex"
  ],
  [
   "(-1.09800745663955011234269768054 + 0.016231289789301776054851797054j)",
   "(0.618833914861298184590261526236 - 0.962666199551116706704958141066j)",
   "(-0.422059020362443685155460763596 - 0.691794286188864109907912929717j)",
   "(-1.50275484530375387880223044727 + 0.758969848740295130363076377539j)",
   "complex"
  ],
  [
   "(-1.0918586848418527927837589345 - 0.0515280612367258453621699002046j)",
   "(-0.108870437210009947217076907876 + 1.10926853945792845703329996807j)",
   "(-1.16784976600903009729568132728 + 1.99261531307628262562968685749j)",
   "(-0.643258308113221530832340431284 - 2.15684952085658700816223851994j)",
   "complex"
  ],
  [
   "(-1.0918586848418527927837589345 + 0.0515280612367258453621699002046j)",
   "(-0.108870437210009947217076907876 - 1.10926853945792845703329996807j)",
   "(-1.16784976600903009729568132728 - 1.99261531307628262562968685749j)",
   "(-0.643258308113221530832340431284 + 2.15684952085658700816223851994j)",
   "complex"
  ],
  [
   "(-1.0860569133642721301798239566 - 0.000223576051492307835270510893619j)",
   "(1.09627794472941064263485936863 - 0.376343448068266599109547957526j)",
   "(-0.845015392350085572718106577429 + 0.00844311129156691592404289951472j)",
   "(-1.04676213371714815262684298186 - 0.00916969790013256208714572228767j)",
   "complex"
  ],
  [
   "(-1.0860569133642721301798239566 + 0.000223576051492307835270510893619j)",
   "(1.09627794472941064263485936863 + 0.376343448068266599109547957526j)",
   "(-0.845015392350085572718106577429 - 0.00844311129156691592404289951472j)",
   "(-1.04676213371714815262684298186 + 0.00916969790013256208714572228767j)",
   "complex"
  ],
  [
   "(-1.04905706773112705459829617694 - 0.0879633227047048903107306612113j)",
   "(-0.73852372939882524624378955732 + 0.758485003065152011742180282941j)",
   "(-3.09289186295292748349324913179 + 1.92438577958982556465804837482j)",
   "(1.41274835225951298131062300751 - 1.95487029647844852810625196018j)",
   "complex"
  ],
  [
   "(-1.04905706773112705459829617694 + 0.0879633227047048903107306612113j)",
   "(-0.73852372939882524624378955732 - 0.758485003065152011742180282941j)",
   "(-3.09289186295292748349324913179 - 1.92438577958982556465804837482j)",
   "(1.41274835225951298131062300751 + 1.95487029647844852810625196018j)",
   "complex"
  ],
  [
   "(-0.854694118308941403689576049796 - 0.673883639859169711839699128439j)",
   "(0.663099632049631834799319717677 - 0.93272971406399080008296632783j)",
   "(0.906546212879266278798248130892 - 1.60993857858532338196460035039j)",
   "(-1.52155630101325707302358115599 - 1.08478608697016081626688657191j)",
   "complex"
  ],
  [
   "(-0.854694118308941403689576049796 + 0.673883639859169711839699128439j)",
   "(0.663099632049631834799319717677 + 0.93272971406399080008296632783j)",
   "(0.906546212879266278798248130892 + 1.60993857858532338196460035039j)",
   "(-1.52155630101325707302358115599 + 1.08478608697016081626688657191j)",
   "complex"
  ],
  [
   "(-0.847507412081509651338857705548 - 0.621260902988706520857333592278j)",
   "(-0.0587648041447901753800952560021 - 1.06954917029871585945792713631j)",
   "(0.348846556381541209622978927183 - 3.17787608915211739077408307965j)",
   "(-2.06599491960323187279879766176 + 0.609045798343040070780619261446j)",
   "complex"
  ],
  [
   "(-0.847507412081509651338857705548 + 0.621260902988706520857333592278j)",
   "(-0.0587648041447901753800952560021 + 1.06954917029871585945792713631j)",
   "(0.348846556381541209622978927183 + 3.17787608915211739077408307965j)",
   "(-2.06599491960323187279879766176 - 0.609045798343040070780619261446j)",
   "complex"
  ],
  [
   "(-0.836940089760156410688650093459 - 0.699745940207366457186726509728j)",
   "(1.16391909811868946924154562766 - 0.367125257762774517291122032107j)",
   "(0.0994878261295963149149407079436 - 0.770736594819971000527932839466j)",
   "(-0.263531284564421940250540990789 - 1.2400922166810880047062301489j)",
   "complex"
  ],
  [
   "(-0.836940089760156410688650093459 + 0.699745940207366457186726509728j)",
   "(1.16391909811868946924154562766 + 0.367125257762774517291122032107j)",
   "(0.0994878261295963149149407079436 + 0.770736594819971000527932839466j)",
   "(-0.263531284564421940250540990789 + 1.2400922166810880047062301489j)",
   "complex"
  ],
  [
   "(-0.833701231452583191049760353623 - 0.704669120063632627874747642068j)",
   "(0.568704648861340326183115143706 + 0.954819755229997530543045635487j)",
   "(-0.078836952434777367842124885779 - 0.640616290595181763133918932334j)",
   "(-0.0232080890479215501196187987032 - 1.22356260173754639663415246061j)",
   "complex"
  ],
  [
   "(-0.833701231452583191049760353623 + 0.704669120063632627874747642068j)",
   "(0.568704648861340326183115143706 - 0.954819755229997530543045635487j)",
   "(-0.078836952434777367842124885779 + 0.640616290595181763133918932334j)",
   "(-0.0232080890479215501196187987032 + 1.22356260173754639663415246061j)",
   "complex"
  ],
  [
   "(-0.830051034450583536029831207907 - 0.732733205214789418674029237182j)",
   "(-0.155266636307880955846983954687 + 1.10910999376307802968118121754j)",
   "(-0.768752273809753299576723975407 + 0.273590094386134137279104114055j)",
   "(1.2075898148335280565824037945 - 1.48745776386256583948266067414j)",
   "complex"
  ],
  [
   "(-0.830051034450583536029831207907 + 0.732733205214789418674029237182j)",
   "(-0.155266636307880955846983954687 - 1.10910999376307802968118121754j)",
   "(-0.768752273809753299576723975407 - 0.273590094386134137279104114055j)",
   "(1.2075898148335280565824037945 + 1.48745776386256583948266067414j)",
   "complex"
  ],
  [
   "(-0.825793291536818155453487896513 - 0.698233031199150565804873855169j)",
   "(1.11907069862724027559800621348 + 0.251074549260251618722090216119j)",
   "(-0.252771153991282824085195197232 - 0.959226917946714159231842483067j)",
   "(-0.102383311750955704036623610427 - 0.837157393420083325943639765896j)",
   "complex"
  ],
  [
   "(-0.825793291536818155453487896513 + 0.698233031199150565804873855169j)",
   "(1.11907069862724027559800621348 - 0.251074549260251618722090216119j)",
   "(-0.252771153991282824085195197232 + 0.959226917946714159231842483067j)",
   "(-0.102383311750955704036623610427 + 0.837157393420083325943639765896j)",
   "complex"
  ],
  [
   "(-0.8255331452704830737995548943 - 0.697069712285880377141166628208j)",
   "(0.845667805376917253709057035488 + 0.347800920665177375499537196324j)",
   "(-0.246303786316899611305378883156 - 0.998683046856931197848725651552j)",
   "(-0.13524984271555994573067000277 - 0.809091917233240092648195509471j)",
   "complex"
  ],
  [
   "(-0.8255331452704830737995548943 + 0.697069712285880377141166628208j)",
   "(0.845667805376917253709057035488 - 0.347800920665177375499537196324j)",
   "(-0.246303786316899611305378883156 + 0.998683046856931197848725651552j)",
   "(-0.13524984271555994573067000277 + 0.809091917233240092648195509471j)",
   "complex"
  ],
  [
