{
 "n_nodes": 28,
 "crunodes": 1,
 "acnodes": 3,
 "delta": 36,
 "eliminant_scale": true,
 "cofactor_squarefree": true,
 "cofactor_coprime_p9p": true,
 "worst_pair_gap": "2.4685399800086886903514311739281647952367280320884687623354902052426793305634874167044460962592559720958684276e-108",
 "nodes": [
  [
   "(-1.10891796280237026588553860184 + 0.0j)",
   "(0.985075257230945825456759830135 + 0.0j)",
   "(-0.928716289104719854404707576927 + 0.0j)",
   "(-0.929242511862316535397141132902 + 0.0j)",
   "CRUNODE"
  ],
  [
   "(-1.12870343184429495603458312877 - 0.0364797304783206048012578272245j)",
   "(0.344784338030747062563115503015 + 1.12253446168862595766672293664j)",
   "(-0.496178105516981813520659365795 + 1.22043835242667729948215466414j)",
   "(-1.38937784881239471702259338098 - 1.37303287918921325807099033979j)",
   "complex"
  ],
  [
   "(-1.12870343184429495603458312877 + 0.0364797304783206048012578272245j)",
   "(0.344784338030747062563115503015 - 1.12253446168862595766672293664j)",
   "(-0.496178105516981813520659365795 - 1.22043835242667729948215466414j)",
   "(-1.38937784881239471702259338098 + 1.37303287918921325807099033979j)",
   "complex"
  ],
  [
   "(-1.11425031463146852734024012786 - 0.00005744574981782195412565185934j)",
   "(1.09927875891983873682339140369 + 0.49247116804927021053209024302j)",
   "(-0.772468536225974571934523921032 + 0.00172188595472478490384260568675j)",
   "(-1.10292815351423637411412427411 - 0.00191861195070793485733663186024j)",
   "complex"
  ],
  [
   "(-1.11425031463146852734024012786 + 0.00005744574981782195412565185934j)",
   "(1.09927875891983873682339140369 - 0.49247116804927021053209024302j)",
   "(-0.772468536225974571934523921032 - 0.00172188595472478490384260568675j)",
   "(-1.10292815351423637411412427411 + 0.00191861195070793485733663186024j)",
   "complex"
  ],
  [
   "(-1.08880575804520366807546401722 - 0.0961178465566934202230676701788j)",
   "(-0.585935348640650702987565278146 + 0.937246966333172874346722378567j)",
   "(-2.43924158163976971887706917701 + 2.10542293069635625747425603835j)",
   "(0.817328363996892640529414334841 - 2.22975644523830367874532439883j)",
   "complex"
  ],
  [
   "(-1.08880575804520366807546401722 + 0.0961178465566934202230676701788j)",
   "(-0.585935348640650702987565278146 - 0.937246966333172874346722378567j)",
   "(-2.43924158163976971887706917701 - 2.10542293069635625747425603835j)",
   "(0.817328363996892640529414334841 + 2.22975644523830367874532439883j)",
   "complex"
  ],
  [
   "(-0.72825743454504938014551993169 - 0.811240224421448871263172465367j)",
   "(0.411112123942024605414824900349 - 1.06127463325821007062018986476j)",
   "(1.4238158470147936674196822244 - 2.12392851491597255626191095997j)",
   "(-1.65822421858001916559136337449 - 1.05616583648817204753734877669j)",
   "complex"
  ],
  [
   "(-0.72825743454504938014551993169 + 0.811240224421448871263172465367j)",
   "(0.411112123942024605414824900349 + 1.06127463325821007062018986476j)",
   "(1.4238158470147936674196822244 + 2.12392851491597255626191095997j)",
   "(-1.65822421858001916559136337449 + 1.05616583648817204753734877669j)",
   "complex"
  ],
  [
   "(-0.704559846951162335390861601318 - 0.871997051686852202530506906525j)",
   "(1.18763452041552942512112361296 - 0.464606229531855779309521243364j)",
   "(0.600791540827167392785838035535 - 0.663688381213869312488140898782j)",
   "(0.157808289578210941708478793045 - 1.40523265290465969872122994636j)",
   "complex"
  ],
  [
   "(-0.704559846951162335390861601318 + 0.871997051686852202530506906525j)",
   "(1.18763452041552942512112361296 + 0.464606229531855779309521243364j)",
   "(0.600791540827167392785838035535 + 0.663688381213869312488140898782j)",
   "(0.157808289578210941708478793045 + 1.40523265290465969872122994636j)",
   "complex"
  ],
  [
   "(-0.69416452422873160870910456266 - 0.88562784551199955238572233432j)",
   "(0.274389901120541820127689529072 + 1.10908047737601640562064054794j)",
   "(0.154217176538822248488004767506 - 0.442857128208028249884805573867j)",
   "(0.664092844039893343971452008593 - 1.16722068442701139696628297265j)",
   "complex"
  ],
  [
   "(-0.69416452422873160870910456266 + 0.88562784551199955238572233432j)",
   "(0.274389901120541820127689529072 - 1.10908047737601640562064054794j)",
   "(0.154217176538822248488004767506 + 0.442857128208028249884805573867j)",
   "(0.664092844039893343971452008593 + 1.16722068442701139696628297265j)",
   "complex"
  ],
  [
   "(-0.681601206410354088797125458417 - 0.867313009723686184767762563474j)",
   "(0.768543488307852253870106669395 + 0.417149788150040241249219120118j)",
   "(0.104788541531203080988195770663 - 1.03755236884702662168948684312j)",
   "(0.176682660539063920387770125055 - 0.714707176721719852004950962544j)",
   "complex"
  ],
  [
   "(-0.681601206410354088797125458417 + 0.867313009723686184767762563474j)",
   "(0.768543488307852253870106669395 - 0.417149788150040241249219120118j)",
   "(0.104788541531203080988195770663 + 1.03755236884702662168948684312j)",
   "(0.176682660539063920387770125055 + 0.714707176721719852004950962544j)",
   "complex"
  ],
  [
   "(-0.681553489655489452657410524778 - 0.869761811806420029101737887437j)",
   "(1.13033716002695562596455288526 + 0.35028819874474597457021139436j)",
   "(0.0742371058593836975144213472792 - 0.985652934971557036514791705607j)",
   "(0.242582495852954767782960269087 - 0.723545335226100067703083398393j)",
   "complex"
  ],
  [
   "(-0.681553489655489452657410524778 + 0.869761811806420029101737887437j)",
   "(1.13033716002695562596455288526 - 0.35028819874474597457021139436j)",
   "(0.0742371058593836975144213472792 + 0.985652934971557036514791705607j)",
   "(0.242582495852954767782960269087 + 0.723545335226100067703083398393j)",
   "complex"
  ],
  [
   "(-0.665809595770603751378304948695 - 0.930889566567021839473939959042j)",
   "(-0.665809595770603751378304948695 + 0.930889566567021839473939959042j)",
   "(-1.4622720266242184921417684708 + 0.0j)",
   "(2.16224722344025291531084362763 + 0.0j)",
   "ACNODE"
  ],
  [
   "(-0.0145774603006096429958783590006 - 0.16847299164382158100058524352j)",
   "(1.13014982859923974453952112346 + 0.420716102147965845572235245206j)",
   "(0.0544514014220517398855995840659 - 0.340122791390125463484622565192j)",
   "(-0.0296529845991799595073210814352 - 0.00439302713864261163730837340164j)",
   "complex"
  ],
  [
   "(-0.0145774603006096429958783590006 + 0.16847299164382158100058524352j)",
   "(1.13014982859923974453952112346 - 0.420716102147965845572235245206j)",
   "(0.0544514014220517398855995840659 + 0.340122791390125463484622565192j)",
   "(-0.0296529845991799595073210814352 + 0.00439302713864261163730837340164j)",
   "complex"
  ],
  [
   "(0.228831881472563057587421204039 - 1.08630763836999344925376968148j)",
   "(1.20452145961919760427653725212 - 0.380509678006233239865589235494j)",
   "(1.09426444650856757852018531122 + 0.904444089851447436584592693483j)",
   "(1.40822675106852781518052655039 + 0.25315448963086917434487110775j)",
   "complex"
  ],
  [
   "(0.228831881472563057587421204039 + 1.08630763836999344925376968148j)",
   "(1.20452145961919760427653725212 + 0.380509678006233239865589235494j)",
   "(1.09426444650856757852018531122 - 0.904444089851447436584592693483j)",
   "(1.40822675106852781518052655039 - 0.25315448963086917434487110775j)",
   "complex"
  ],
  [
   "(0.272670678867214996192636513946 - 1.04978248500244887692284226872j)",
   "(0.272670678867214996192636513946 + 1.04978248500244887692284226872j)",
   "(1.12101982376597246263640172916 + 0.0j)",
   "(0.449304050481131507651528050174 + 0.0j)",
   "ACNODE"
  ],
  [
   "(0.284057138494305240448586356805 - 1.08527367783437296703093570472j)",
   "(1.17184878941935695915231897099 + 0.436714014231044104651500626274j)",
   "(0.524232676278656482098573112536 + 0.0554227281922014711173889663824j)",
   "(0.342075974761292943908205676726 + 0.653093641683027522364122196285j)",
   "complex"
  ],
  [
