{"delta": [0.00012206555615733704, 3.860051813123757e-05, 1.2206555615733704e-05, 3.860051813123757e-06, 1.2206555615733702e-06, 3.8600518131237563e-07, 1.22065556157337e-07, 3.8600518131237566e-08, 1.2206555615733704e-08], "gamma": [0.006159334192561927, 0.0034831686169430887, 0.001964791136517152, 0.0011067809452942057, 0.0006229854356834819, 0.0003505185858420079, 0.00019717047452749714, 0.00011089586820564601, 6.23672604519454e-05], "slope": 0.4988595148073067, "const": 0.5541183384755829}