{"delta": [0.00012206555615733704, 3.860051813123757e-05, 1.2206555615733704e-05, 3.860051813123757e-06, 1.2206555615733702e-06, 3.8600518131237563e-07, 1.22065556157337e-07, 3.8600518131237566e-08, 1.2206555615733704e-08], "gamma": [0.005994911670436726, 0.0033905640114859914, 0.0019126699806610026, 0.0010774565313425855, 0.0006064905013478672, 0.0003412413449932761, 0.00019195303694166665, 0.00010796174167859718, 6.0717233063362075e-05], "slope": 0.49883725614093405, "const": 0.5392630433605525}