{
 "n_nodes": 36,
 "crunodes": 0,
 "acnodes": 4,
 "delta": 45,
 "eliminant_scale": true,
 "cofactor_squarefree": true,
 "cofactor_coprime_p10p": true,
 "worst_pair_gap": "3.95497877749188957189972406949384782118767288457542612290681095647570638527163512222082551122777436583885648087468764249e-118",
 "nodes": [
  [
   "(-1.03491624936222241310384493829 - 0.390374514477837174644627384123j)",
   "(0.534349435605600577486995735454 - 1.02810067350803597385077774776j)",
   "(0.194835033585931821678127526215 - 1.65017778060558189267132197037j)",
   "(-1.93143738855667194588978065996 - 0.00166567563714154717251239079932j)",
   "complex"
  ],
  [
   "(-1.03491624936222241310384493829 + 0.390374514477837174644627384123j)",
   "(0.534349435605600577486995735454 + 1.02810067350803597385077774776j)",
   "(0.194835033585931821678127526215 + 1.65017778060558189267132197037j)",
   "(-1.93143738855667194588978065996 + 0.00166567563714154717251239079932j)",
   "complex"
  ],
  [
   "(-1.02207287282865953149017290807 - 0.437896404735730095966089737744j)",
   "(0.474640636114941568556149305903 + 1.04428258902517392958214447085j)",
   "(-0.440215967276530736146955161955 + 0.0347722893705608286314893980955j)",
   "(-0.582262277628542958989556283182 - 1.46873901280663228663646552129j)",
   "complex"
  ],
  [
   "(-1.02207287282865953149017290807 + 0.437896404735730095966089737744j)",
   "(0.474640636114941568556149305903 - 1.04428258902517392958214447085j)",
   "(-0.440215967276530736146955161955 - 0.0347722893705608286314893980955j)",
   "(-0.582262277628542958989556283182 + 1.46873901280663228663646552129j)",
   "complex"
  ],
  [
   "(-1.01832155977327746517431238782 - 0.42096577309325331919425933702j)",
   "(1.14401798617867886212265661565 - 0.427107324140826226001541783302j)",
   "(-0.416055834980971029334121228902 - 0.588871356962646583002400634925j)",
   "(-0.874824955086642348788004172531 - 0.842978971384840177680127426408j)",
   "complex"
  ],
  [
   "(-1.01832155977327746517431238782 + 0.42096577309325331919425933702j)",
   "(1.14401798617867886212265661565 + 0.427107324140826226001541783302j)",
   "(-0.416055834980971029334121228902 + 0.588871356962646583002400634925j)",
   "(-0.874824955086642348788004172531 + 0.842978971384840177680127426408j)",
   "complex"
  ],
  [
   "(-1.01480306868238666684874658614 - 0.33301711021173824798795156831j)",
   "(-0.293826949037969591291303012891 - 1.04529910948020190551412644298j)",
   "(-1.01608254402296780292392989824 - 3.09549315841984380644725084867j)",
   "(-1.21869369689716001335455971522 + 1.91766793347449103622644279319j)",
   "complex"
  ],
  [
   "(-1.01480306868238666684874658614 + 0.33301711021173824798795156831j)",
   "(-0.293826949037969591291303012891 + 1.04529910948020190551412644298j)",
   "(-1.01608254402296780292392989824 + 3.09549315841984380644725084867j)",
   "(-1.21869369689716001335455971522 - 1.91766793347449103622644279319j)",
   "complex"
  ],
  [
   "(-1.01019141911473831826571586139 - 0.420054544179615163706903307283j)",
   "(1.03198134778406568221954418566 + 0.383286607410760968279283542055j)",
   "(-0.674311729618552637765874622101 - 0.671403411775968871289845788903j)",
   "(-0.647578563332010582514974562593 - 0.650668639528256391080271154948j)",
   "complex"
  ],
  [
   "(-1.01019141911473831826571586139 + 0.420054544179615163706903307283j)",
   "(1.03198134778406568221954418566 - 0.383286607410760968279283542055j)",
   "(-0.674311729618552637765874622101 + 0.671403411775968871289845788903j)",
   "(-0.647578563332010582514974562593 + 0.650668639528256391080271154948j)",
   "complex"
  ],
  [
   "(-1.00976614485836829445574554068 - 0.419985768672486538719599175202j)",
   "(0.991667982339999076955725942119 + 0.176611103113023032668470153758j)",
   "(-0.687105498408390813136353624482 - 0.676341865252101908722177824312j)",
   "(-0.636731376371631966012252836523 - 0.64030726488237418535912076051j)",
   "complex"
  ],
  [
   "(-1.00976614485836829445574554068 + 0.419985768672486538719599175202j)",
   "(0.991667982339999076955725942119 - 0.176611103113023032668470153758j)",
   "(-0.687105498408390813136353624482 + 0.676341865252101908722177824312j)",
   "(-0.636731376371631966012252836523 + 0.64030726488237418535912076051j)",
   "complex"
  ],
  [
   "(-1.00716457166510420870293571652 - 0.477613276763378153903103046642j)",
   "(-0.361033207955758853860117311387 + 1.06950517809225156823748349316j)",
   "(-1.67881554103919995564662220092 + 1.0641842630133690449903626203j)",
   "(1.14362861914800753877313969581 - 1.94531678203743205079037274236j)",
   "complex"
  ],
  [
   "(-1.00716457166510420870293571652 + 0.477613276763378153903103046642j)",
   "(-0.361033207955758853860117311387 - 1.06950517809225156823748349316j)",
   "(-1.67881554103919995564662220092 - 1.0641842630133690449903626203j)",
   "(1.14362861914800753877313969581 + 1.94531678203743205079037274236j)",
   "complex"
  ],
  [
   "(-0.947291336000157211977141976538 - 0.504677056097299953178650147263j)",
   "(-0.947291336000157211977141976538 + 0.504677056097299953178650147263j)",
   "(-3.53353186720930869714396636319 + 0.0j)",
   "(2.4380180219729524812291305658 + 0.0j)",
   "ACNODE"
  ],
  [
   "(-0.457807971803583979461656488462 - 0.966644175105410399130210916797j)",
   "(0.573259458755921203074083965035 - 0.960385637163808087481041483393j)",
   "(2.04843356320720751451545668402 - 1.38577708442492736159177949159j)",
   "(-0.650691145009629838449301566568 - 1.69972185633199320063952516496j)",
   "complex"
  ],
  [
   "(-0.457807971803583979461656488462 + 0.966644175105410399130210916797j)",
   "(0.573259458755921203074083965035 + 0.960385637163808087481041483393j)",
   "(2.04843356320720751451545668402 + 1.38577708442492736159177949159j)",
   "(-0.650691145009629838449301566568 + 1.69972185633199320063952516496j)",
   "complex"
  ],
  [
   "(-0.429858163208062664984187034438 - 1.01686524416361607284524849878j)",
   "(1.19543100962258207585317784578 - 0.38395898023229638223823580084j)",
   "(0.983042612594522506554540688448 - 0.333800210657314437902889846875j)",
   "(0.862589228608196657528645309427 - 1.10727807703360119804204390233j)",
   "complex"
  ],
  [
   "(-0.429858163208062664984187034438 + 1.01686524416361607284524849878j)",
   "(1.19543100962258207585317784578 + 0.38395898023229638223823580084j)",
   "(0.983042612594522506554540688448 + 0.333800210657314437902889846875j)",
   "(0.862589228608196657528645309427 + 1.10727807703360119804204390233j)",
   "complex"
  ],
  [
   "(-0.41423046840512802259527666061 - 1.01267392629684881708318228131j)",
   "(0.428855413192101464269872317225 + 1.00691458976795692851607037967j)",
   "(0.672549996931127186620720582614 - 0.673009585754946803476881945799j)",
   "(0.649503677317691532088513255702 - 0.649011690556605480000878057794j)",
   "complex"
  ],
  [
   "(-0.41423046840512802259527666061 + 1.01267392629684881708318228131j)",
   "(0.428855413192101464269872317225 - 1.00691458976795692851607037967j)",
   "(0.672549996931127186620720582614 + 0.673009585754946803476881945799j)",
   "(0.649503677317691532088513255702 + 0.649011690556605480000878057794j)",
   "complex"
  ],
  [
   "(-0.407301828348821321052815237474 - 1.04825877697861724106864186496j)",
   "(-0.407301828348821321052815237474 + 1.04825877697861724106864186496j)",
   "(-0.224450616465843088286229408426 + 0.0j)",
   "(1.71125549200096758669208687749 + 0.0j)",
   "ACNODE"
  ],
  [
   "(-0.405514245315216483901124144912 - 1.01477165355771571938680479606j)",
   "(1.16610315206047275949296158325 + 0.326954477215796829180674387123j)",
   "(0.455403452663371715748327618795 - 0.772931192721312673869514234131j)",
   "(0.637219766288042743659069338464 - 0.387944371692025406095256958692j)",
   "complex"
  ],
  [
   "(-0.405514245315216483901124144912 + 1.01477165355771571938680479606j)",
   "(1.16610315206047275949296158325 - 0.326954477215796829180674387123j)",
   "(0.455403452663371715748327618795 + 0.772931192721312673869514234131j)",
