{"delta": [0.012206555615733703, 0.0038600518131237565, 0.0012206555615733702, 0.0003860051813123757, 0.00012206555615733704, 3.860051813123757e-05, 1.2206555615733702e-05, 3.860051813123757e-06, 1.2206555615733702e-06, 3.8600518131237563e-07, 1.22065556157337e-07, 3.8600518131237566e-08, 1.2206555615733704e-08], "gamma": [0.05817865363847091, 0.028055450323687503, 0.01340549568279542, 0.006354332814974439, 0.002993491520384639, 0.0014038865260262434, 0.0006562956315357971, 0.0003061246707803944, 0.00014256945121182696, 6.63273861185032e-05, 3.083489807714779e-05, 1.4327662334223668e-05, 6.655182718806607e-06], "slope": 0.6583699019586653}