{"delta": [0.00012206555615733704, 3.860051813123757e-05, 1.2206555615733704e-05, 3.860051813123757e-06, 1.2206555615733702e-06, 3.8600518131237563e-07, 1.22065556157337e-07, 3.8600518131237566e-08, 1.2206555615733704e-08], "gamma": [0.0030940395880955096, 0.0014511342898517188, 0.0006783973085339734, 0.0003164348364009806, 0.00014737067948961124, 6.856074035133108e-05, 3.187302426305161e-05, 1.4809984112962304e-05, 6.879202721910005e-06], "slope": 0.6635246848425584, "const": 1.2312849931474816}