{
 "fiber_counts": {
  "generic (1,1,1)": [
   12,
   2
  ],
  "fold t=1/2": [
   10,
   2
  ],
  "cusp (small)": [
   9,
   1
  ],
  "cusp (neg)": [
   9,
   1
  ],
  "crunode": [
   8,
   0
  ],
  "pocket acnode": [
   8,
   0
  ]
 },
 "escape_slopes": {
  "fold": 0.49884801164914677,
  "cusp": 0.6644976637090104
 },
 "det_max_resid": 0,
 "bounded_max_x": 1.9163829738556593,
 "Cr": [
  -0.9416193116824878,
  -0.9419704421116808
 ],
 "ACp": [
  -0.8937318942545173,
  -1.103338170605073
 ],
 "LC1": true,
 "LC3": true,
 "LC4": true,
 "LC6": true
}