{"delta": [0.00012206555615733704, 3.860051813123757e-05, 1.2206555615733704e-05, 3.860051813123757e-06, 1.2206555615733702e-06, 3.8600518131237563e-07, 1.22065556157337e-07, 3.8600518131237566e-08, 1.2206555615733704e-08], "gamma": [0.006195988482109199, 0.0035039812526736214, 0.001976557772463111, 0.001113417577547321, 0.0006267237204724552, 0.00035262274514449854, 0.00019835435240703192, 0.00011156180756433098, 6.274180907975269e-05], "slope": 0.4988545420793655, "const": 0.5574009865204345}