{
 "kappa": "-59/12",
 "D8": "-179707499645975396352*r**8 + 179707499645975396352*r**7*s + 1247968747541495808*r**6*s**2 + 2495937495082991616*r**6*s - 659328081262849032192*r**6 + 1167081884274917376*r**5*s**3 + 2338496993367687168*r**5*s**2 + 3006796775881187524608*r**5*s + 255158283479319576576*r**5 + 1104129757060005888*r**4*s**4 - 2145158612853020688384*r**4*s**3 - 3982772187440228597760*r**4*s**2 - 247719911606940598272*r**4*s - 804801839805522247680*r**4 + 1056069746618793984*r**3*s**5 + 3795917057697853734912*r**3*s**4 + 1616741450896206200832*r**3*s**3 - 27388363772611731456*r**3*s**2 + 3574661898082958032896*r**3*s - 805542244495093260288*r**3 - 774617536933655740416*r**2*s**6 - 1734349982219372593152*r**2*s**5 + 22065693939574161408*r**2*s**4 + 669238328010132228096*r**2*s**3 - 4151728366078155432192*r**2*s**2 + 1556556028029438847488*r**2*s - 415071015409680668507*r**2 + 615965890570645340160*r*s**7 - 8148053584624214016*r*s**6 - 4760356641083817984*r*s**5 - 47248351260168558528*r*s**4 + 1323151513962827851008*r*s**3 - 726563766906811713096*r*s**2 + 306768873668886853343*r*s - 44626588138303411638*r - 70039981404865953792*s**9 + 1069917355789857792*s**8 + 553501535665913856*s**7 + 118816015500394426368*s**6 - 359666002771540744608*s**5 + 182765464744499607180*s**4 - 73864694415443177526*s**3 + 11641718644774803036*s**2",
 "terms": 43,
 "D8(0,0)": 0,
 "s9": -70039981404865953792,
 "irreducible": true,
 "param_on_wall": true,
 "gcd(p8',p8'')": "1",
 "real_cusps": 1,
 "cusp_0.3295293036": {
  "real": true,
  "resid_real": 0
 },
 "cusp_-0.7640826567": {
  "real": false,
  "resid_real": 0
 },
 "cusp_0.06774341603": {
  "real": false,
  "resid_real": 0
 },
 "cusp_0.9690745889": {
  "real": false,
  "resid_real": 0
 },
 "cusp_collisions": 0
}