{
 "fresh_census_pct": {
  "4": {
   "1": 82.49208333333333,
   "3": 17.507916666666667
  },
  "5": {
   "0": 8.58375,
   "2": 84.96208333333334,
   "4": 6.454166666666667
  },
  "6": {
   "1": 82.5575,
   "3": 17.4425
  },
  "7": {
   "0": 8.7575,
   "2": 84.21541666666667,
   "4": 7.027083333333334
  },
  "8": {
   "1": 82.59958333333333,
   "3": 17.40041666666667
  },
  "9": {
   "0": 8.75625,
   "2": 83.85791666666667,
   "4": 7.385833333333333
  },
  "10": {
   "1": 82.62291666666667,
   "3": 17.377083333333335
  },
  "11": {
   "0": 8.735416666666667,
   "2": 83.63875,
   "4": 7.6258333333333335
  }
 },
 "archived_maxdiff_pp": 0.16908333333333303,
 "cone11": 8.735416666666667,
 "four11": 7.6258333333333335,
 "six11": 0.0,
 "gap": 0.0001685322852096327,
 "tgap_d3": 0.006105930479108679,
 "roff": -0.00035113042919299176,
 "alphas": [
  1.480607242230357,
  1.8502363378136353,
  1.9650780693080143
 ],
 "cvals": [
  0.016375,
  0.019502000000000002,
  0.02025,
  0.020392406510365557
 ],
 "crunode": {
  "t1": -1.0834632089752483,
  "t2": 0.9878463099676994,
  "s": -0.9416193116824878,
  "r": -0.9419704421116808
 },
 "LC2": true,
 "LC5": true
}