{"delta": [0.012206555615733703, 0.0038600518131237565, 0.0012206555615733702, 0.0003860051813123757, 0.00012206555615733704, 3.860051813123757e-05, 1.2206555615733702e-05, 3.860051813123757e-06, 1.2206555615733702e-06, 3.8600518131237563e-07, 1.22065556157337e-07, 3.8600518131237566e-08, 1.2206555615733704e-08], "gamma": [0.0445211221962834, 0.028869767272743124, 0.01710684959813008, 0.009859182682632334, 0.005614803744167951, 0.003178958347011984, 0.0017943335314410946, 0.0010111157828062711, 0.0005692485082076926, 0.00032031881645067095, 0.00018019379970990457, 0.00010135104543904094, 5.7000399954265646e-05], "slope": 0.4888928562539345}