{"delta": [0.00012206555615733704, 3.860051813123757e-05, 1.2206555615733704e-05, 3.860051813123757e-06, 1.2206555615733702e-06, 3.8600518131237563e-07, 1.22065556157337e-07, 3.8600518131237566e-08, 1.2206555615733704e-08], "gamma": [0.0032069990396531023, 0.0015027645213367413, 0.0007020909455875968, 0.00032734301252357323, 0.00015240473162475565, 7.088797753651566e-05, 3.295023530253127e-05, 1.530902574797821e-05, 7.11053360391567e-06], "slope": 0.6638038959645165, "const": 1.2786444421649739}