{
 "n_nodes": 10,
 "nodes": [
  [
   "(1.122372632-0.844696205j)",
   "(-0.8866388410780329-0.8448300847251977j)",
   "(0.8021187395167567-0.8111826905556837j)",
   "(-0.5795573208025143-1.6346843692182846j)"
  ],
  [
   "(1.122372632+0.844696205j)",
   "(-0.8866388410780329+0.8448300847251977j)",
   "(0.8021187395167567+0.8111826905556837j)",
   "(-0.5795573208025143+1.6346843692182846j)"
  ],
  [
   "(0.904069645+0.802301653j)",
   "(-0.8371089095333605-0.8537285686611581j)",
   "(-0.0055974426252643865-0.9418711127175369j)",
   "(0.006211990114431263-0.8367708428751246j)"
  ],
  [
   "(0.904069645-0.802301653j)",
   "(-0.8371089095333605+0.8537285686611581j)",
   "(-0.0055974426252643865+0.9418711127175369j)",
   "(0.006211990114431263+0.8367708428751246j)"
  ],
  [
   "(0.901020485+0.341755296j)",
   "(-0.832955286731868-0.8530833738614794j)",
   "(-0.056470853770040706-0.9770183670442874j)",
   "(0.018698541889675735-0.7640059759584827j)"
  ],
  [
   "(0.901020485-0.341755296j)",
   "(-0.832955286731868+0.8530833738614794j)",
   "(-0.056470853770040706+0.9770183670442874j)",
   "(0.018698541889675735+0.7640059759584827j)"
  ],
  [
   "(-0.798392598+0.965392684j)",
   "(-0.7983925982806694-0.965392683760828j)",
   "(-1.7641699645465063+2.1015298729736356e-09j)",
   "(2.2911395668455055-8.42798182098029e-09j)"
  ],
  [
   "(1.010081203+0.779366806j)",
   "(0.06239376429504263-0.29235597747213193j)",
   "(0.3512466911805092-0.4392167758238518j)",
   "(-0.045739802417772445-0.0755541239498087j)"
  ],
  [
   "(1.010081203-0.779366806j)",
   "(0.06239376429504263+0.29235597747213193j)",
   "(0.3512466911805092+0.4392167758238518j)",
   "(-0.045739802417772445+0.0755541239498087j)"
  ],
  [
   "(1.021824573+0.853419191j)",
   "(1.0218245725111454-0.8534191914484403j)",
   "(-0.10068230474228049+2.1356751011766817e-09j)",
   "(-0.8641963290725831+7.684912686287538e-09j)"
  ]
 ],
 "triple_points": 0,
 "node_cusp_overlaps": 0,
 "delta_sum": 15
}