{"delta": [0.00012206555615733704, 3.860051813123757e-05, 1.2206555615733704e-05, 3.860051813123757e-06, 1.2206555615733702e-06, 3.8600518131237563e-07, 1.22065556157337e-07, 3.8600518131237566e-08, 1.2206555615733704e-08], "gamma": [0.003153680008882276, 0.0014786852953124208, 0.0006911327586185956, 0.00032232707781854053, 0.00015009907633162234, 6.982496922580683e-05, 3.2459113303406895e-05, 1.5081791446214243e-05, 7.0052902525485905e-06], "slope": 0.663619004120997, "const": 1.2558367580557575}