{"delta": [0.00012206555615733704, 3.860051813123757e-05, 1.2206555615733704e-05, 3.860051813123757e-06, 1.2206555615733702e-06, 3.8600518131237563e-07, 1.22065556157337e-07, 3.8600518131237566e-08, 1.2206555615733704e-08], "gamma": [0.00583642198843351, 0.0033019653639511926, 0.0018630090737420113, 0.0010495805083592658, 0.0005908304481846982, 0.0003324400179321729, 0.00018700525417089664, 0.00010517989410468997, 5.915304115652886e-05], "slope": 0.49877408551639063, "const": 0.5248311755266992}