{"delta": [0.00012206555615733704, 3.860051813123757e-05, 1.2206555615733704e-05, 3.860051813123757e-06, 1.2206555615733702e-06, 3.8600518131237563e-07, 1.22065556157337e-07, 3.8600518131237566e-08, 1.2206555615733704e-08], "gamma": [0.0031846567777513157, 0.0014927823361058912, 0.0006975817744411805, 0.0003252895252902621, 0.00015146411067451515, 7.045534656302532e-05, 3.2750681210669264e-05, 1.5216798244399588e-05, 7.067850995801095e-06], "slope": 0.6637075435898336, "const": 1.2689282942507714}