{
 "n_nodes": 13,
 "crunodes": 1,
 "acnodes": 0,
 "nodes": [
  [
   "(0.980849301+0j)",
   "(-1.155970347887094+0j)",
   "(-0.9094571136757867+0j)",
   "(-0.9103141728027265+0j)"
  ],
  [
   "(1.07432359+0.705336692j)",
   "(-1.1693538561266381-0.002488847969192907j)",
   "(-0.6231842639419909+0.05564100774339533j)",
   "(-1.2431082074907824-0.06506329513547994j)"
  ],
  [
   "(1.07432359-0.705336692j)",
   "(-1.1693538561266381+0.002488847969192907j)",
   "(-0.6231842639419909-0.05564100774339533j)",
   "(-1.2431082074907824+0.06506329513547994j)"
  ],
  [
   "(1.195778364-0.620139465j)",
   "(-0.3862389069567359-1.1036293129731631j)",
   "(1.3581970704306427-0.13955510351644004j)",
   "(0.9430157638595721-1.3193578899240863j)"
  ],
  [
   "(1.195778364+0.620139465j)",
   "(-0.3862389069567359+1.1036293129731631j)",
   "(1.3581970704306427+0.13955510351644004j)",
   "(0.9430157638595721+1.3193578899240863j)"
  ],
  [
   "(-0.341079071+1.147104987j)",
   "(-0.3410790710614639-1.147104987245483j)",
   "(0.13989048497310963+4.411171127346623e-09j)",
   "(1.5407749036428584+1.8668233479386545e-09j)"
  ],
  [
   "(0.603242542+0.493716431j)",
   "(-0.3285561921869431-1.0951651058896645j)",
   "(0.6526248575340009-0.79996462637236j)",
   "(0.47094685411990933-0.3077091004943979j)"
  ],
  [
   "(0.603242542-0.493716431j)",
   "(-0.3285561921869431+1.0951651058896645j)",
   "(0.6526248575340009+0.79996462637236j)",
   "(0.47094685411990933+0.3077091004943979j)"
  ],
  [
   "(1.114297831+0.55360205j)",
   "(-0.32546697846540634-1.1015853856488222j)",
   "(0.5508500642567699-0.7651616523494053j)",
   "(0.5424525016026087-0.20730140524739202j)"
  ],
  [
   "(1.114297831-0.55360205j)",
   "(-0.32546697846540634+1.1015853856488222j)",
   "(0.5508500642567699+0.7651616523494053j)",
   "(0.5424525016026087+0.20730140524739202j)"
  ],
  [
   "(1.086147812+0.611196206j)",
   "(0.019885373610203858-0.236093192175539j)",
   "(0.1976124705292632-0.41984822709609604j)",
   "(-0.0460086282527242-0.03370164850903586j)"
  ],
  [
   "(1.086147812-0.611196206j)",
   "(0.019885373610203858+0.236093192175539j)",
   "(0.1976124705292632+0.41984822709609604j)",
   "(-0.0460086282527242+0.03370164850903586j)"
  ],
  [
   "(1.076533062+0.68996733j)",
   "(1.076533062029532-0.6899673304169418j)",
   "(-0.4441820189560092-2.572795720987963e-09j)",
   "(-1.0118028271115374+8.503695764585685e-11j)"
  ]
 ],
 "triple_points": 0,
 "node_cusp_overlaps": 0,
 "delta_sum": 19
}