{
 "n_nodes": 6,
 "nodes": [
  [
   "(0.974490933+0j)",
   "(-1.2712135399781654+0j)",
   "(-0.8818834118879952+0j)",
   "(-0.8833717438605823+0j)"
  ],
  [
   "(0.858165138+1.182988146j)",
   "(-1.3152870991172965-0.028171365674156637j)",
   "(-0.306266586909208+0.41925546903894034j)",
   "(-1.6217679571630916-0.5509893010465964j)"
  ],
  [
   "(0.858165138-1.182988146j)",
   "(-1.3152870991172965+0.028171365674156637j)",
   "(-0.306266586909208-0.41925546903894034j)",
   "(-1.6217679571630916+0.5509893010465964j)"
  ],
  [
   "(0.808288614+1.046673442j)",
   "(0.14837468025649922-0.38669148287177474j)",
   "(0.6154342982851359-0.3486248732621389j)",
   "(0.010333713710426696-0.157614463138894j)"
  ],
  [
   "(0.808288614-1.046673442j)",
   "(0.14837468025649922+0.38669148287177474j)",
   "(0.6154342982851359+0.3486248732621389j)",
   "(0.010333713710426696+0.157614463138894j)"
  ],
  [
   "(0.84881997+1.086170555j)",
   "(0.848819969979244-1.0861705550786813j)",
   "(0.4920279747898448-1.311654360429057e-10j)",
   "(-0.4640637734449852+5.34234637823987e-10j)"
  ]
 ],
 "triple_points": 0,
 "node_cusp_overlaps": 0,
 "delta_sum": 10
}