{
 "n_nodes": 21,
 "crunodes": 0,
 "acnodes": 3,
 "delta": 28,
 "eliminant_scale": true,
 "cofactor_squarefree": true,
 "cofactor_coprime_p8p": true,
 "worst_pair_gap": "2.4706472808041681062298841026372820568837129018471402186151247057000919647441528201772322696634129496274518039e-108",
 "min_margin": "105769754805449282398571831232311224425668047788937049221815223683479878172368207343497050831591178897946085.67",
 "nodes": [
  [
   "(-1.0067592280276412854280180907 - 0.492400448376126666220460451627j)",
   "(0.162917033174279281003259441405 - 1.15332315206737437321787448249j)",
   "(0.227122206839250265891907806807 - 2.55323039247835281106712536975j)",
   "(-2.05190254710150860566211310431 + 0.569910356435071787661485323577j)",
   "complex"
  ],
  [
   "(-1.0067592280276412854280180907 + 0.492400448376126666220460451627j)",
   "(0.162917033174279281003259441405 + 1.15332315206737437321787448249j)",
   "(0.227122206839250265891907806807 + 2.55323039247835281106712536975j)",
   "(-2.05190254710150860566211310431 - 0.569910356435071787661485323577j)",
   "complex"
  ],
  [
   "(-0.992306625381709462060603937737 - 0.566922213630766374148674773362j)",
   "(1.15665614691079515743434026581 - 0.571769347090594216608256128852j)",
   "(-0.0467151968533106952080939180548 - 0.700219342632945203887587324195j)",
   "(-0.79774169888443473948405766723 - 1.13057222002238763414620049952j)",
   "complex"
  ],
  [
   "(-0.992306625381709462060603937737 + 0.566922213630766374148674773362j)",
   "(1.15665614691079515743434026581 + 0.571769347090594216608256128852j)",
   "(-0.0467151968533106952080939180548 + 0.700219342632945203887587324195j)",
   "(-0.79774169888443473948405766723 + 1.13057222002238763414620049952j)",
   "complex"
  ],
  [
   "(-0.98628462442207162442710059302 - 0.609950709419679007444683028556j)",
   "(0.0631894043795801519908695850975 + 1.18746705111392421993308219928j)",
   "(-0.642596840010720961120790476535 + 0.355769496342470703099451805136j)",
   "(0.412760382204462280477217991506 - 1.82329356397879668972654098654j)",
   "complex"
  ],
  [
   "(-0.98628462442207162442710059302 + 0.609950709419679007444683028556j)",
   "(0.0631894043795801519908695850975 - 1.18746705111392421993308219928j)",
   "(-0.642596840010720961120790476535 - 0.355769496342470703099451805136j)",
   "(0.412760382204462280477217991506 + 1.82329356397879668972654098654j)",
   "complex"
  ],
  [
   "(-0.974530478973286109677391999363 - 0.566688853392672720421709796143j)",
   "(1.00923690831807597459286837805 + 0.522519208154135333102593805832j)",
   "(-0.475348245421178082269692303827 - 0.816817824113834988915196767797j)",
   "(-0.44221862660355725129708859319 - 0.772971057962592555285426843519j)",
   "complex"
  ],
  [
   "(-0.974530478973286109677391999363 + 0.566688853392672720421709796143j)",
   "(1.00923690831807597459286837805 - 0.522519208154135333102593805832j)",
   "(-0.475348245421178082269692303827 + 0.816817824113834988915196767797j)",
   "(-0.44221862660355725129708859319 + 0.772971057962592555285426843519j)",
   "complex"
  ],
  [
   "(-0.973444007924260437347502645833 - 0.566519986383725288809954047548j)",
   "(0.970425962159396201230568701901 + 0.234228848457923403629511690876j)",
   "(-0.498674477862272954167513773291 - 0.827751373438623687067169444623j)",
   "(-0.425694152027249302828107518563 - 0.749105168770349268326582792716j)",
   "complex"
  ],
  [
   "(-0.973444007924260437347502645833 + 0.566519986383725288809954047548j)",
   "(0.970425962159396201230568701901 - 0.234228848457923403629511690876j)",
   "(-0.498674477862272954167513773291 + 0.827751373438623687067169444623j)",
   "(-0.425694152027249302828107518563 + 0.749105168770349268326582792716j)",
   "complex"
  ],
  [
   "(-0.916108442776809389223275152782 - 0.66473973272583363349011695586j)",
   "(-0.916108442776809389223275152782 + 0.66473973272583363349011695586j)",
   "(-2.9897402102577270432660030411 + 0.0j)",
   "(2.41582164300476474324580215805 + 0.0j)",
   "ACNODE"
  ],
  [
   "(-0.0222304186182638926399812719205 - 1.13376878817769262057349957839j)",
   "(1.20979559622564970943075946798 - 0.476365598669123993303321903695j)",
   "(1.33415921909523187362088146311 + 0.495682183379540517934968487724j)",
   "(1.44898154102537754817548704092 - 0.44248377335880261968126844609j)",
   "complex"
  ],
  [
   "(-0.0222304186182638926399812719205 + 1.13376878817769262057349957839j)",
   "(1.20979559622564970943075946798 + 0.476365598669123993303321903695j)",
   "(1.33415921909523187362088146311 - 0.495682183379540517934968487724j)",
   "(1.44898154102537754817548704092 + 0.44248377335880261968126844609j)",
   "complex"
  ],
  [
   "(-0.00231412794253870411625534030975 - 0.196814529220266408421975321591j)",
   "(1.1174502889445347077829352403 + 0.499376402382471375576521842181j)",
   "(0.108527547126984578991258744098 - 0.379873044996204318761570950686j)",
   "(-0.0376377002678874216141402553735 - 0.0139447461101429597908859390173j)",
   "complex"
  ],
  [
   "(-0.00231412794253870411625534030975 + 0.196814529220266408421975321591j)",
   "(1.1174502889445347077829352403 - 0.499376402382471375576521842181j)",
   "(0.108527547126984578991258744098 + 0.379873044996204318761570950686j)",
   "(-0.0376377002678874216141402553735 + 0.0139447461101429597908859390173j)",
   "complex"
  ],
  [
   "(0.0126621311328134681057370074317 - 1.127673743825698622887423492j)",
   "(0.0126621311328134681057370074317 + 1.127673743825698622887423492j)",
   "(0.944876236553887116639627326509 + 0.0j)",
   "(0.890865456899560706854607488886 + 0.0j)",
   "ACNODE"
  ],
  [
   "(0.0347499362783084640959897376194 - 1.1133677821025379369612113022j)",
   "(0.464718020913310365209863959595 + 0.473762009497157848236380918682j)",
   "(0.920651994414135831965205543653 - 0.416446981111341216190009985408j)",
   "(0.423717513329316637880140965077 + 0.0174535585022696486230927490037j)",
   "complex"
  ],
  [
   "(0.0347499362783084640959897376194 + 1.1133677821025379369612113022j)",
   "(0.464718020913310365209863959595 - 0.473762009497157848236380918682j)",
   "(0.920651994414135831965205543653 + 0.416446981111341216190009985408j)",
   "(0.423717513329316637880140965077 - 0.0174535585022696486230927490037j)",
   "complex"
  ],
  [
   "(0.0376282210065024797209508443606 - 1.13188606930189469134283102216j)",
   "(1.1647829741563342874667910606 + 0.490979170153136788666998485954j)",
   "(0.642876954303197503378728929534 - 0.306884142964842559851927869598j)",
   "(0.536660516626041065820947678209 + 0.333326356440051500070102624021j)",
   "complex"
  ],
  [
   "(0.0376282210065024797209508443606 + 1.13188606930189469134283102216j)",
   "(1.1647829741563342874667910606 - 0.490979170153136788666998485954j)",
   "(0.642876954303197503378728929534 + 0.306884142964842559851927869598j)",
   "(0.536660516626041065820947678209 - 0.333326356440051500070102624021j)",
   "complex"
  ],
  [
   "(1.09476533046700065685519534151 - 0.575300149218639065825076901955j)",
   "(1.09476533046700065685519534151 + 0.575300149218639065825076901955j)",
   "(-0.643416747408831416631158316395 + 0.0j)",
   "(-1.07019451210523072411120147104 + 0.0j)",
   "ACNODE"
  ]
 ]
}