{
 "A2": {
  "sstar": -0.973326152447006,
  "B": 0.2242833719512161,
  "R": 0.8357385648094136,
  "s11": -0.9421679819487376,
  "resid": 5.9559362775019054e-08
 },
 "A3": {
  "sups": {
   "5": 2.428873349456088,
   "7": 2.07936803407486,
   "9": 1.8360006962240858
  },
  "ratio": 1.3229152660188541
 },
 "B3": {
  "I_MC": 0.16311475,
  "I_MC_err": 0.0005542055022714808,
  "I_quad": 0.162887856959152
 },
 "B": {
  "m": {
   "5": 0.08590758870512086,
   "7": 0.08768682270929454,
   "9": 0.08773584175648119,
   "11": 0.08755547157788661,
   "13": 0.08736426802531863,
   "15": 0.08719990720393687,
   "17": 0.08706461572198995,
   "19": 0.08695451490949664,
   "23": 0.086790154156153,
   "29": 0.08663354848051617
  },
  "I_inf": 0.162887856959152,
  "dev": {
   "5": 0.09924112948791297,
   "7": 0.02868227092945297,
   "9": 0.04758417564811879
  }
 }
}