{
 "D1": {
  "diff_factor": "-2*(t - 1)*(t + 1)**2",
  "partA": "0.0318762407584421",
  "partA_ok": true
 },
 "D2": {
  "partB": "0.0461991343839984",
  "mstar": "0.0780753751424405",
  "mstar_pct": "7.807537514"
 },
 "D3": {
  "m": {
   "9": 0.08773577468938223,
   "11": 0.08755564934012103,
   "13": 0.08736420891629124,
   "15": 0.08719970728457646,
   "17": 0.08706448879859124,
   "19": 0.08695446642474043,
   "23": 0.08679021475212116,
   "29": 0.08663355746772407,
   "35": 0.08653775409398155,
   "45": 0.08644568837824819,
   "61": 0.08637768869767828,
   "91": 0.08633686882830088,
   "121": 0.08632885968162476
  },
  "alpha": 0.05275054542192388,
  "monotone": true
 },
 "D4": "see prints"
}