{
 "mstar": "0.08644464653779007893290411735",
 "mstar_pct": "8.64446465377901",
 "partA": "0.0318762407584421385125377499822",
 "partBfull": "0.0545684057793479404203663673678",
 "m": {
  "9": 8.7736,
  "11": 8.7556,
  "13": 8.7364,
  "15": 8.72,
  "17": 8.7064,
  "19": 8.6954,
  "23": 8.679,
  "29": 8.6634,
  "35": 8.6538,
  "45": 8.6446,
  "61": 8.6378,
  "91": 8.6337,
  "121": 8.6329
 }
}