{
 "L3": {
  "rows": {
   "5": {
    "Lg": 0.15265185185185184,
    "margin": -0.034956613756613755,
    "err_scaled": 15.3216,
    "contracted": false
   },
   "6": {
    "Lg": 0.0892735303783722,
    "margin": -0.006650895204618199,
    "err_scaled": 19.023502604166666,
    "contracted": false
   },
   "7": {
    "Lg": 0.04562165328460715,
    "margin": 0.003925345615719237,
    "err_scaled": 22.547922199646518,
    "contracted": true
   },
   "8": {
    "Lg": 0.021474149223961275,
    "margin": 0.006908303556573971,
    "err_scaled": 25.947388222461033,
    "contracted": true
   },
   "9": {
    "Lg": 0.009565239823557581,
    "margin": 0.007071310251886997,
    "err_scaled": 29.25858213029006,
    "contracted": true
   },
   "10": {
    "Lg": 0.00409530980692586,
    "margin": 0.006363084056860609,
    "err_scaled": 32.506249526437884,
    "contracted": true
   },
   "11": {
    "Lg": 0.0017019190545044987,
    "margin": 0.005498792179024314,
    "err_scaled": 35.70717832773261,
    "contracted": true
   },
   "12": {
    "Lg": 0.0006910177732839933,
    "margin": 0.004706795940304497,
    "err_scaled": 38.87296388344283,
    "contracted": true
   },
   "15": {
    "Lg": 4.1867600476801736e-05,
    "margin": 0.0030405229490060217,
    "err_scaled": 48.230569985508026,
    "contracted": true
   },
   "20": {
    "Lg": 3.1845598407208944e-07,
    "margin": 0.0017025336008876463,
    "err_scaled": 63.575387743475055,
    "contracted": true
   },
   "30": {
    "Lg": 1.25315663076392e-11,
    "margin": 0.0007519157083561751,
    "err_scaled": 93.90394617588288,
    "contracted": true
   },
   "47": {
    "Lg": 2.4281011154744014e-19,
    "margin": 0.0003048082854296284,
    "err_scaled": 145.1296845287464,
    "contracted": true
   },
   "100": {
    "Lg": 5.756943230748132e-44,
    "margin": 6.699016306859444e-05,
    "err_scaled": 304.33065304265955,
    "contracted": true
   },
   "200": {
    "Lg": 4.494115344446433e-91,
    "margin": 1.670771348491633e-05,
    "err_scaled": 604.4164033393669,
    "contracted": true
   }
  },
  "first_contract_d": 7,
  "sign_door_ok_d12..200": true,
  "all_d12..200_contracted": true
 },
 "L4": {
  "rows": {
   "7": {
    "L_L": 0.04996027333371482,
    "err8": 1.130696172290635e-12,
    "sign_change": true,
    "inv": [
     true,
     true
    ],
    "u_lo": 0.08253632868288914,
    "u_hi": 0.11166679762979119
   },
   "9": {
    "L_L": 0.03754731320195162,
    "err8": 1.2761273734311855e-13,
    "sign_change": true,
    "inv": [
     true,
     true
    ],
    "u_lo": 0.0915294331457033,
    "u_hi": 0.12383393896183388
   },
   "11": {
    "L_L": 0.029800933144392198,
    "err8": 2.001157954101461e-14,
    "sign_change": true,
    "inv": [
     true,
     true
    ],
    "u_lo": 0.09114652907078322,
    "u_hi": 0.12331589227223612
   },
   "15": {
    "L_L": 0.020875677397162222,
    "err8": 1.0719369604219285e-15,
    "sign_change": true,
    "inv": [
     true,
     true
    ],
    "u_lo": 0.08420585731235711,
    "u_hi": 0.11392557165789491
   },
   "21": {
    "L_L": 0.014265349288258735,
    "err8": 4.425004077184578e-17,
    "sign_change": true,
    "inv": [
     true,
     true
    ],
    "u_lo": 0.07310583927741059,
    "u_hi": 0.09890790019884961
   },
   "31": {
    "L_L": 0.009260407931648201,
    "err8": 1.136492466733586e-18,
    "sign_change": true,
    "inv": [
     true,
     true
    ],
    "u_lo": 0.059541981866188066,
    "u_hi": 0.08055679899543092
   },
   "51": {
    "L_L": 0.005398405937398968,
    "err8": 1.1198084823381994e-20,
    "sign_change": true,
    "inv": [
     true,
     true
    ],
    "u_lo": 0.04398626793647367,
    "u_hi": 0.059510833090523206
   },
   "99": {
    "L_L": 0.0026772658014219955,
    "err8": 2.615421656905703e-23,
    "sign_change": true,
    "inv": [
     true,
     true
    ],
    "u_lo": 0.028074204731952882,
    "u_hi": 0.03798274757852449
   }
  },
  "fails": [],
  "PASS_odd_7..99": true
 },
 "L5": {
  "odd_identity_exact_zero": false,
  "even_divisible_by_(U+1)": true,
  "F_even": "-U**2*X*dd**2 - 2*U**2*dd**2 - 2*U**2*dd + 4*U**2 - 4*U*X*dd**2 - U*X*dd + U*X - 8*U*dd**2 - 8*U*dd + 17*U - 4*X*dd**2 - 2*X*dd + X - 8*dd**2 - 8*dd + 19",
  "even_shadow_roots_U": {
   "4": null,
   "6": null,
   "8": null,
   "10": null,
   "12": null,
   "14": null,
   "16": null,
   "18": null,
   "20": null,
   "22": null,
   "24": null,
   "26": null,
   "28": null,
   "30": null
  }
 },
 "L6": {
  "expo_coeff_-1": "0",
  "eq1_solutions": [
   "{u1: log(2)}"
  ],
  "u1": "log(2)",
  "u2_exact_match": false,
  "u3_exact_match": false,
  "u4_exact_match": false,
  "u2_resolved": "log(2)**2/2 + 1/2 + 2*log(2)",
  "u3_resolved": "-3/2 + log(2)**3/6 + 2*log(2)**2 + 19*log(2)/4",
  "u4_resolved": "-5/24 + log(2)**4/24 + log(2)**3 + 13*log(2)**2/2 + 69*log(2)/8",
  "s_a_exact_match_2-2ln2": false,
  "s_b_exact_match": false,
  "s_b_resolved": "-21/2 - 2*log(2)**2 + 18*log(2)/(1 + 1/ee)"
 }
}