{"delt": [0.00012206555615733704, 3.860051813123757e-05, 1.2206555615733704e-05, 3.860051813123757e-06, 1.2206555615733702e-06, 3.8600518131237563e-07, 1.22065556157337e-07, 3.8600518131237566e-08, 1.2206555615733704e-08], "drift": [0.05881855486770449, 0.04538023290672988, 0.034760361256129246, 0.02648390722869509, 0.020097948005078914, 0.015206494438382956, 0.01147990181683467, 0.008652088114991519, 0.006512664087350961], "slope": 0.2395168403877097}