{"delt": [0.00012206555615733704, 3.860051813123757e-05, 1.2206555615733704e-05, 3.860051813123757e-06, 1.2206555615733702e-06, 3.8600518131237563e-07, 1.22065556157337e-07, 3.8600518131237566e-08, 1.2206555615733704e-08], "gam": [0.0010838183292472547, 0.00047102175695445947, 0.00020305018345537218, 8.701573508805571e-05, 3.713028047772071e-05, 1.5794445584804695e-05, 6.703370406868636e-06, 2.8402671062438545e-06, 1.201969966280192e-06], "slope": 0.7394336865807366, "const": 0.8656602815555028}